text,label
"Good morning, please add a new user to our team workspace. I tried on two different devices.",account
"Hi, the payment failed but the money was deducted from my bank account. This is affecting my whole team. Waiting for your reply.",billing
Where can I find the documentation. I am on the pro plan. Please help.,general
"Hello, are you hriing at the moment. I am on the pro plan.",general
"Hello team, I need a refund for my last purchase. Thank you in advance.",billing
"Hey, is there a community forum or Discord. Ticket reference 13712.",general
"Hi, I keep getting a connection error. This is affecting my whole team.",technical
"Hello, I was billed for a plan I already downgraded. It started yesterday. Waiting for your reply.",billing
"Good morning, I never received a receipt for my payment. It started yesterday. Let me know what to do.",billing
"Hello team, notifications are not being delivered. I tried on two different devices.",technical
"Hi, I forgot my password and the reset email never arrives.",account
My promo credit disappeared from the billing page. I tried on two different devices. Let me know what to do.,billing
"Good morning, do you have a student discount program. Ticket reference 80781. Please help.",general
"Hey, I would like to give feedback about the new design. My order numebr is #5488. Waiting for your reply.",general
My cerdit card was declined at renewal. Waiting for your reply.,billing
"Good morning, transfer ownership of the workspace to my colleague. Ticket reference 22730. Thanks!",account
"Hi support, what are your support hours. I contacted you last week as well. Let me know what to do.",general
The mobile app freezes after the latest update. My order number is #98758.,technical
"Hello team, I'd like to know about upcoming features. Thank you in advance.",general
"Hello team, I forgot my password and the reset email never arrives. My order number is #56121. Waiting for your reply.",account
"Hi, my invoice shows the wrong amount.",billing
"Hi support, export to CSV is not working. I contacted you last week as well. Thank you in advance.",technical
Where can I find the documentation. Thank you in advance.,general
I forgot my password and the reset email never arrives. Ticket reference 14943. Please help.,account
"Hey, I want to delete my account and all my data. I'm using the free plan. Let me know what to do.",account
"Good morning, transfer ownership of the workspace to my colleague. I tried on two different devices. Thank you in advance.",account
"Hi, I forgot my password and the reset email never arrives. Waiting for your reply.",account
Please change the email address on my account. Waiting for your reply.,account
"Hello team, the page is stuck on the loading screen. I contacted you last week as well. Urgent.",technical
"Hey, how can I remove a member from my organization. I contacted you last week as well.",account
"Good morning, my login says the user does not exist. Urgent.",account
"Good morning, notifications are not being delivered. I contacted you last week as well. Let me know what to do.",technical
"Good morning, I would like to give feedback about the new design. I'm using the free plan.",general
"Hi support, transfer ownership of the workspace to my colleague. Thank you in advance.",account
"Hello, do you offer an on-premise version. This is affecting my whole team. Thanks!",general
I can't log in to my account. I tired on two different devices. Please help.,account
"Hey, why was I charged a late fee on my bill.",billing
"Hi support, the mobile app freezes after the latest update. It started yesterday. Please help.",technical
"Hi support, are you hiring at the moment.",general
I would like to give feedback about the new design. I'm using the free plan.,general
"Hello, the mobile app freezes after the latest update. This is affecting my whole team. Thank you in advance.",technical
The discount code was not applied at checkout. Thanks!,billing
"Hello team, I need to update the phone number linked to my login. It started yesterday.",account
"Good morning, notifications are not being delivered. I contacted you last week as well. Please help.",technical
"Hey, I need to change my username. I tried on two different devices. Please help.",account
I keep getting a connection error. It started yesterday. Please help.,technical
"Hi, how do I contact the sales team. I am on the pro plan.",general
"Hey, I can't log in to my account. Let me know what to do.",account
"Hello, please change the email adrdess on my account.",account
"hello team, there is an unknown charge on my statement. i tried on two different devices. let me know what to do.",billing
"Hey, is there a mobile app available. Ticket reference 1252.",general
"Good morning, why was I charged a late fee on my bill. I tried on two different devices.",billing
"Hi support, the app crashes every time I open the dashboard. Let me know what to do.",technical
"hello team, my login says the user does not exist. this is affecting my whole team.",account
My account was lcoked after several login attempts.,account
"Hi support, are you hiring at the moment. I contacted you last week as well.",general
I need to change my username. This has happened three times now. Waiting for your reply.,account
The discount code was not applied at checkout. I am on the pro plan. Please help.,billing
My invoice shows the wrong amount.,billing
"good morning, where can i find the documentation. i am on the pro plan. thank you in advance.",general
"Hi support, I keep getting a connection error. It started yesterday. Thanks!",technical
"Good morning, export to CSV is not working. I'm using the free plan. Let me know what to do.",technical
the discount code was not applied at checkout. i contacted you last week as well. let me know what to do.,billing
"good morning, images fail to load on the main page. thank you in advance.",technical
"Hello team, is there a mobile app available. Thanks!",general
"Hi support, export to CSV is not working. My order number is #7731. Thank you in advance.",technical
"Hello team, I forgot my password and the reset email never arrives. Thank you in advance.",account
The app crashes every time I open the dashboard. I am on the pro plan. Thanks!,technical
"Hi support, the app crashes every time I open the dashboard. I am on the pro plan. Thank you in advance.",technical
"Hey, my credit card was declined at renewal. My order number is #86319. Pelase help.",billing
"Hey, my account was locked after several login attempts. Please help.",account
"Hey, are you hiring at the moment. Ticket refeernce 55056.",general
"Hello team, there is an unknown charge on my statement. I am on the pro plan.",billing
i didn't receive the verification code. let me know what to do.,account
"Hi, my account was locked after several login attempts. I tried on two different devices. Please help.",account
"hello team, there is an unknown charge on my statement. this has happened three times now.",billing
"Hello team, the website is extremely slow today.",technical
Do you have a stduent discount program. I'm using the free plan. Urgent.,general
Is there a mobile app available.,general
"Hey, I need to update the phone number linked to my login. It started yesterday. Thanks!",account
"Hello team, transfer ownership of the workspace to my colleague. Thanks!",account
"Hi, is there a mobile app available. It started yesterday.",general
Images fail to load on the main page. It statred yesterday.,technical
"Hey, the discount code was not applied at checkout. I tried on two different devices.",billing
My invoice shows the wrong amount. Ticket reference 22337. Let me know what to do.,billing
I was charged twice for my subscription this month. Thank you in advance.,billing
"hey, the app crashes evrey time i open the dashboard. my order number is #8124. let me know what to do.",technical
How can I remove a member from my organization.,account
"Hi, how do I enbale two-factor authentication. It started yesterday.",account
"Hi support, the mobile app freezes afetr the latest update. I'm using the free plan. Please help.",technical
"Good morning, can I get a demo of the product. Let me know what to do.",general
"Hi, the page is stuck on the loading screen. I contacted you last week as well. Waiting for your reply.",technical
"Good morning, there is an unknown charge on my statement. Ticket reference 14930.",billing
Which countries do you support. I am on the pro plan. Let me know what to do.,general
I keep getting a connection error. My order number is #11058.,technical
My login says the user does not exist. I contacted you last week as well. Let me know what to do.,account
"Hey, why was I charged a late fee on my bill. Urgent.",billing
"hi, i get a 500 error when uploading a file. ticket reference 31292.",technical
Please merge my two accounts into one. My order number is #68197. Waiting for your reply.,account
There is a bug in the report generator. I am on the pro plan. Urgent.,technical
how can i become a partner or reseller. thank you in advance.,general
"Hey, I didn't receive the verification code. I am on the pro plan. Pelase help.",account
Please add a new user to our team workspace. Urgent.,account
My credit card was declined at renewal. Waiting for your reply.,billing
"Hi, my webhook calls are failing with an error. This has happened three times now. Waiting for your reply.",technical
"Hi support, can you share case studies from other customers. This has happened three times now. Let me know what to do.",general
Is there a community forum or Discord. This has happened three tmies now.,general
"Hello team, why was I charged a late fee on my bill.",billing
"Hey, which countries do you support. This has happened three times now. Urgent.",general
"Hello team, which countries do you support. I am on the pro plan. Please help.",general
"Hi, there is an unknown charge on my statement. This is affecting my whole team. Waiting for your reply.",billing
"hello, can you send me a copy of last month's invoice. this is affecting my whole team.",billing
"Hello, images fail to load on the main page. Ticket reefrence 22305. Urgent.",technical
"Good morning, how do I enable two-factor authentication. Thanks!",account
"Hello, the discount code was not applied at checkout. Waiting for your reply.",billing
How can I become a partner or reseller. I tried on two different devices.,general
i was charged twice for my subscription this month. i'm using the free plan. thanks!,billing
"Hi support, my prmoo credit disappeared from the billing page. I tried on two different devices.",billing
"Hi support, my invoice shows the wrong amount. This has happened three times now.",billing
Can I get a demo of the product. Ticket reference 51559.,general
"Hi support, how do I enable two-factor authentication. It started yesterday. Waiting for your reply.",account
"Hi, please update the billing address on my invoice. It started yesterday.",billing
"Hi, my credit card was declined at renewal. This has hapepned three times now.",billing
"Hello team, my profile information is not saving. This is affecting my whole team.",account
Images fail to load on the main page. This has happened three times now. Waiting for your reply.,technical
"Hi, do you offer an on-premise version. Let me know what to do.",general
My account was locked after several login attempts. My order number is #87355. Waiting for your reply.,account
"Good morning, I was charged twice for my susbcription this month. This has happened three times now. Please help.",billing
"Hi support, my webhook calls are failing with an error. Thanks!",technical
"Hello team, can you share case studies from other customers. I'm using the free plan. Urgent.",general
"Hey, there is an unknown charge on my statement. This is affecting my whloe team. Urgent.",billing
"Hi support, the mobile app freezes after the latest update. It started yesterday. Let me know what to do.",technical
"Good morning, please add a new user to our team workspace. Let me know what to do.",account
My login says the user does not exist. This has happened three times now.,account
Images fail to load on the main page. I tried on two diffreent devices. Thanks!,technical
"Hi support, can you share case studies from other customers. This is affecting my whole team.",general
"Hello team, I can't log in to my account. Thank you in advance.",account
"Good morning, the website is extremely slow today. Thanks!",technical
My invoice shows the wrong amount. Please help.,billing
"Hello team, do you offer an on-premise version. Waiting for your reply.",general
"Good morning, please update the billing address on my invoice. Please help.",billing
"Hi, please change the email address on my account. It started yesterday. Urgent.",account
The API returns a timeout on every request. I'm using the free plan. Thanks!,technical
"Hi support, please update the billing address on my invoice. Thanks!",billing
"Good morning, my credit card was declined at renewal. Ticket reference 82797. Please help.",billing
"Good morning, I keep getting a connection error. I contacted you last week as well.",technical
I need to update the phnoe number linked to my login. I am on the pro plan.,account
The editor lsoes my changes when I refresh. This has happened three times now. Please help.,technical
i didn't receive the verification code. ticket reference 38702. please help.,account
Can you share case studies from other customers. This has happened three times now.,general
"Hello, the app crashes every time I open the dashboard. Waiting for your reply.",technical
"Hi, the discount code was not applied at checkout. Ticket reference 90204.",billing
"Hello, transfer ownership of the workspace to my colleague. Thank you in advance.",account
My webhook calls are failing with an error. It started yesterday. Please help.,technical
My account was locked after several login attempts. I tried on two different devices. Waiting for your reply.,account
"Hello, do you have a public roadmap. Please help.",general
"Good morning, why was I charged a late fee on my bill. I'm using the free plan. Let me know what to do.",billing
"Hey, is there a mobile app available. Ticket reference 47497. Let me know what to do.",general
I keep getting a connection error. Ticket reference 16532.,technical
Why was I charged a late fee on my bill. I am on the pro plan.,billing
"Hello team, I was billed for a plan I already downgraded.",billing
My invoice shows the wrong amount. This is affecting my whole team. Let me know what to do.,billing
"Hi, my account was locked after several login attempts. It started yesterday. Please help.",account
I need a refund for my last purchase. This has happened three times now. Please help.,billing
"Hi support, I need to update the phone number linked to my login. Urgent.",account
"Hi, can you send me a copy of last month's invoice.",billing
"Hey, I would like to give feedback about the new design. Ticket reference 80816. Please help.",general
Are you hiring at the moment. My order number is #24942.,general
"Hi support, the payment failed but the money was deducted from my bank account. Ticket reference 66547. Urgent.",billing
"Hello team, there is an unknown charge on my statement. This has happened three times now.",billing
I can't log in to my account. It started yesterday. Waiting for your reply.,account
"Hey, please add a new user to our team workspace. This is affecting my whole team.",account
How do I contact the sales team.,general
I forgot my password and the reset email never arrives. This has happened three times now. Urgent.,account
"Hi support, I was billed for a plan I already downgraded. My order numebr is #22397. Please help.",billing
"Good morning, is there a community forum or Discord. Ticket reference 38133. Please help.",general
I didn't receive the verifictaion code. I'm using the free plan. Waiting for your reply.,account
"Hello team, where can I find the documentation. This has happened three times now.",general
"Hi support, notifications are not being delivered. I am on the pro plan. Urgent.",technical
"Hi, which countries do you support. This has happened three times now. Waiting for your reply.",general
"Good morning, GST details are missing from my invoice. This has happened three times now. Thank you in advance.",billing
which countries do you support. let me know what to do.,general
"Hello, my promo credit disappeared from the billing page. I contacted you last week as well. Waiting for your reply.",billing
"Hey, how do I contact the sales team. Thank you in advance.",general
"good morning, notifications are not being delivered. ticket reference 69980. let me know what to do.",technical
"Hi support, can I get a demo of the product. It started yesterday. Let me know what to do.",general
"Good morning, I need to change my username.",account
How do I contact the sales team. My order number is #72486. Please help.,general
"Good morning, my promo credit disappeared from the billing page. This has happened three times now. Thank you in advance.",billing
"Hey, the discount code was not applied at checkout. This has happened three times now. Let me know what to do.",billing
"Hello team, I would like to give feedback about the new design. Let me know what to do.",general
The editor loses my changes when I refresh. This has happened three times now.,technical
"Good morning, my invoice shows the wrong amount. My order number is #10584. Let me know what to do.",billing
My webhook calls are failing with an error. Plaese help.,technical
"Hello team, how can I remove a member from my organization. Urgent.",account
I never received a receipt for my payment. I tried on two different devices.,billing
My invoice shows the wrong amount. Ticket reference 74626. Please help.,billing
i keep getting a connection error. this is affecting my wohle team.,technical
"Hi, the disconut code was not applied at checkout. I'm using the free plan. Waiting for your reply.",billing
which countries do you support. i'm using the free plan. let me know what to do.,general
"Hi support, I'd like to know about upcoming features. I contacted you last week as well. Thank you in advance.",general
I didn't receive the verification code.,account
I want to delete my account and all my data. This has happened three times now.,account
"Good morning, the editor loses my changes when I refresh. This has happened three times now. Let me know what to do.",technical
"Hi support, is there a community forum or Discord. My order number is #13728.",general
"Good morning, images fail to load on the main page. This has happened there times now. Thanks!",technical
"Hi support, my login says the user does not exist.",account
"Hey, do you have a public roadmap. I'm using the free plan.",general
"Hi support, the app crashes every time I open the dashboard. I'm using the free plan. Thanks!",technical
"Hi support, do you have a student discount program. I am on the pro plan. Please help.",general
"Hi, can I get a demo of the product. My order number is #1626. Please help.",general
I would like to give feedback about the new design. I contacted you last week as well.,general
"Hi support, I need to update the phone number linked to my login.",account
"Hello team, my profile information is not saving. I contacted you last week as well. Please help.",account
"Hello team, the Slack integration stopped syncing. Thanks!",technical
"good morning, i need to update the phone number linked to my login. this is affecting my whole team. waiting for your reply.",account
The page is stuck on the loading screen. I tried on two different devices. Thanks!,technical
Please add a new user to our team workspace. I tried on two different devices.,account
"Good morning, I get a 500 error when uploading a file. I am on the pro plan.",technical
"Hello, my account was locekd after several login attempts. Urgent.",account
Do you have a public roadmap. Waiting for your reply.,general
"Good morning, transfer ownership of the workspace to my colleague. I tried on two different devices. Thanks!",account
"Good morning, which countries do you support. I am on the pro plan. Please help.",general
"Hey, I get a 500 error when uploading a file. Thanks!",technical
"Hi support, three is a bug in the report generator. Urgent.",technical
"Hi support, the mobile app freezes after the latest update.",technical
My login says the user does not exist. Ticket reference 62884.,account
"Hello team, do you have a student discount program. It started yesterday.",general
I would like to give feedback abuot the new design.,general
"Hi support, wihch countries do you support. It started yesterday. Please help.",general
"Hi support, iamges fail to load on the main page. This is affecting my whole team. Thanks!",technical
The mobile app freezes after the latest update. It started yesterday. Let me know what to do.,technical
"Hello team, please add a new user to our team workspace. My order number is #85654. Please help.",account
The API returns a timeout on every request. This has happened three times now. Urgent.,technical
"Hi, my webhook calls are failing with an error. Ticket refernece 37374. Waiting for your reply.",technical
"hello, please add a new user to our team workspace. waiting for your reply.",account
"Good morning, can I get a demo of the product. It started yesterday. Waiting for your reply.",general
Plesae add a new user to our team workspace. I am on the pro plan. Waiting for your reply.,account
"Hey, the discount code was not applied at checkout. This is affecting my whole team. Urgent.",billing
How can I remove a member from my organization. This is affecting my whole team. Urgent.,account
"Hello, GST details are missing from my invoice. Ticket reference 87831.",billing
Export to CSV is not working. Thank you in advance.,technical
My login says the user does not exist. Please help.,account
"Hello team, the mobile app freezes after the latest update. This is affecting my whole team.",technical
"Good morning, export to CSV is not working. This has happened three times now. Let me know what to do.",technical
"Hi support, I need to chagne my username. I am on the pro plan. Let me know what to do.",account
Can you send me a copy of last month's invoice.,billing
"Hey, where can I find the documentation. Tciket reference 65628.",general
"Hey, how can I remove a member from my organization. Let me know what to do.",account
"Hi support, I need a refund for my last purchase. I am on the pro plan. Thank you in advance.",billing
"Hi, the page is stcuk on the loading screen. Ticket reference 72833.",technical
"Hi, I get a 500 error when uploading a file. Ticket reference 73429.",technical
"Hey, there is an unknown charge on my statement. My order number is #84341. Waitnig for your reply.",billing
"Hey, I forgot my passowrd and the reset email never arrives. This is affecting my whole team.",account
I keep getting a connection error. I'm using the free plan. Waiting for your reply.,technical
"hi support, do you offer an on-premise version. i am on the pro plan. thanks!",general
The discount code was not applied at checkout. This is affecting my whole team. Urgent.,billing
My credit card was declined at renewal.,billing
"Good morning, the page is stuck on the loading screen. I am on the pro plan. Let me know what to do.",technical
"Good morning, do you have a public roadmap. This is affecting my whole team. Waiting for your reply.",general
"hello team, are you hiring at the moment. i am on the pro plan. waiting for your reply.",general
"Hello team, my login says the user does not exist.",account
"Hi, please update the billing address on my invoice. I am on the pro plan. Thank you in advance.",billing
"Hello team, images fail to load on the main page. This has happened three times now. Thanks!",technical
"Hey, there is an unknown charge on my statement. This has happened trhee times now. Please help.",billing
The editor loses my changes when I refresh. This is affecting my whole team. Waiting for your reply.,technical
"Hello, there is an unknown charge on my statement.",billing
"Hello, how do I enable two-factor authentication. Please help.",account
"Hi, can I get a demo of the product. This is affecting my whole team. Urgent.",general
I didn't receive the verification code. I'm using the free plan. Let me know what to do.,account
I get a 500 error when uploading a file. Let me know what to do.,technical
Is there a community forum or Discord. Ticket reference 9810. Please help.,general
How do I enable two-factor authentication. I tried on two different devices.,account
"Hello, I'd like to know about upcoming features. This is affecting my whole team. Please help.",general
"Hello, export to CSV is not working. Thank you in advance.",technical
"Hey, my webhook calls are faliing with an error.",technical
The discount code was not applied at checkout. Ticket reference 67552. Let me know what to do.,billing
GST details are missing from my invoice. This is affecting my wohle team. Thanks!,billing
"Good morning, I was charged twice for my subscription this month. This is affecting my whole team. Let me know what to do.",billing
"Hello team, images fail to load on the main page. I tried on two different devices.",technical
"Good morning, I keep getting a connection error. This is affecting my whole team. Please help.",technical
"Hey, my promo crdeit disappeared from the billing page. Waiting for your reply.",billing
"Good morning, the app crashes every time I open the dashboard. This has happened three times now. Urgent.",technical
"Hello, the editor loses my changes when I refresh. It started yesterday. Waiting for your reply.",technical
"Hello team, my webhook calls are failing with an error. This has happened three times now. Thank you in advance.",technical
"Hello team, GST details are missing from my invoice. I tried on two different devices. Waiting for your reply.",billing
"Hey, the app crashes every time I open the dashboard. My order number is #59935. Waiting for your reply.",technical
I need a refund for my last purchase. My order number is #6138. Thanks!,billing
"hey, i never received a receipt for my payment. my order number is #46554. please help.",billing
How do I conatct the sales team. Ticket reference 89719. Urgent.,general
"Good morning, I'd like to know about upcoming features. Ticket reference 97148. Urgent.",general
"Hi support, GST details are missing from my invoice.",billing
I'd like to know about upcoming features. Thanks!,general
"Hello, which conutries do you support. I contacted you last week as well.",general
"hi, i'd like to know about upcoming features. waiting for your reply.",general
"hi, my credit card was declined at renewal. i contacted you last week as well.",billing
"Hi, the API returns a timeout on every request. I'm using the free plan. Please help.",technical
"Hi, GST details are missing from my invoice. It started yesterday.",billing
"Hello team, can you share case studies from other customers.",general
Please merge my two accounts into one. This is affecting my wohle team. Let me know what to do.,account
Please add a new user to our team workspace. I tried on two different devices. Thank you in advance.,account
"Hey, images fail to load on the main page. I contacted you last week as well. Urgent.",technical
"hey, can you share case studies from other customers. this is affecting my whole team.",general
"Good morning, my invoice shows the wrong amount. This has happened three times now. Thanks!",billing
"hello team, gst details are missing from my invoice. urgent.",billing
"Hi, what are your support hours. I contacted you last week as well. Thank you in advance.",general
I need to change my username. I contacted you last week as well. Thanks!,account
"Hi, is three a community forum or Discord. Ticket reference 75384.",general
"Hello, my profile information is not saving. I tried on two different devices.",account
My invoice shows the wrong amount. My order number is #8747. Thanks!,billing
"Hi, do you have a public roadmap. I am on the pro plan. Thanks!",general
"Hi, do you have a student discount program. It started yesterday. Waiting for your reply.",general
"hey, i didn't receive the verification code. i tried on two different devices. thanks!",account
"Hello team, my webhook calls are failing with an error. This is affecting my whole team. Let me know what to do.",technical
"Good morning, I want to cancel auto-renewal and get a refund. I am on the pro plan. Urgent.",billing
i forgot my password and the reset email never arrives. it started yesterday. urgent.,account
"Hi support, do you have a public roadmap. I contacted you last week as well. Waiting for your reply.",general
"Hello team, the mobile app freezes after the latest update. I contacted you last week as well. Thank you in advance.",technical
"Hey, I keep getting a connection error. This has happened three times now. Thanks!",technical
"Hi support, images fail to load on the main page. Let me know what to do.",technical
